,feature_0,feature_1,feature_2,feature_3,feature_4,feature_5,feature_6,feature_7,feature_8,feature_9,feature_10,feature_11,feature_12,feature_13,feature_14,feature_15,feature_16,feature_17,feature_18,feature_19,feature_20,feature_21,feature_22,feature_23,feature_24,feature_25,feature_26,feature_27,feature_28,feature_29,feature_30,feature_31,feature_32,feature_33,feature_34,feature_35,feature_36,feature_37,feature_38,feature_39,feature_40,feature_41,feature_42,feature_43,feature_44,feature_45,feature_46,feature_47,feature_48,feature_49,feature_50,feature_51,feature_52,feature_53,feature_54,feature_55,feature_56,feature_57,feature_58,feature_59,feature_60,feature_61,feature_62,feature_63,feature_64,feature_65,feature_66,feature_67,feature_68,feature_69,feature_70,feature_71,feature_72,feature_73,feature_74,feature_75,feature_76,feature_77,feature_78,feature_79,feature_80,feature_81,feature_82,feature_83,feature_84,feature_85,feature_86,feature_87,feature_88,feature_89,feature_90,feature_91,feature_92,feature_93,feature_94,feature_95,feature_96,feature_97,feature_98,feature_99,feature_100,feature_101,feature_102,feature_103,feature_104,feature_105,feature_106,feature_107,feature_108,feature_109,feature_110,feature_111,feature_112,feature_113,feature_114,feature_115,feature_116,feature_117,feature_118,feature_119,feature_120,feature_121,feature_122,feature_123,feature_124,feature_125,feature_126,feature_127,feature_128,feature_129,feature_130,feature_131,feature_132,feature_133,feature_134,feature_135,feature_136,feature_137,feature_138,feature_139,feature_140,feature_141,feature_142,feature_143,feature_144,feature_145,feature_146,feature_147,feature_148,feature_149,feature_150,feature_151,feature_152,feature_153,feature_154,feature_155,feature_156,feature_157,feature_158,feature_159,feature_160,feature_161,feature_162,feature_163,feature_164,feature_165,feature_166,feature_167,feature_168,feature_169,feature_170,feature_171,feature_172,feature_173,feature_174,feature_175,feature_176,feature_177,feature_178,feature_179,feature_180,feature_181,feature_182,feature_183,feature_184,feature_185,feature_186,feature_187,feature_188,feature_189,feature_190,feature_191,feature_192,feature_193,feature_194,feature_195,feature_196,feature_197,feature_198,feature_199,feature_200,feature_201,feature_202,feature_203,feature_204,feature_205,feature_206,feature_207,feature_208
5-FU,11.984814814814815,11.984814814814815,0.7070370370370369,-1.0011574074074068,0.482564502908463,130.07799999999997,127.054,130.017855556,48,0,0.3253471361874118,-0.3111557027192775,0.3253471361874118,0.3111557027192775,1.4444444444444444,2.111111111111111,2.5555555555555554,19.142219988403813,10.626560738634353,1.9303482220113939,-1.8066429483965114,1.7353535956112751,-2.2291167620156487,4.826193296330208,0.5965732097860823,1.7965675742516067,3.5238977189940166,312.83394095677266,6.8533711511285205,4.271811323126579,4.271811323126579,4.198377302757663,2.1745807961581027,2.1745807961581027,1.4198610557263855,1.4198610557263855,0.7739642065842111,0.7739642065842111,0.39336190970452906,0.39336190970452906,-1.3900000000000001,104.20091930659319,5.741406044678055,1.8479763724759504,1.042170728106469,48.359278684403755,4.9839785209472085,0.0,0.0,5.817220841045895,5.559266895052007,5.689743398203474,9.77851570501903,4.794537184071822,4.39041504767482,0.0,0.0,0.0,6.196843571613076,0.0,4.39041504767482,0.0,0.0,9.967957041894417,0.0,0.0,0.0,32.8521490740581,0.0,0.0,11.24901029325548,4.39041504767482,0.0,0.0,9.967957041894417,0.0,5.817220841045895,0.0,15.785917939756718,0.0,0.0,0.0,65.72,17.066231134301376,13.979489415818463,0.0,0.0,6.196843571613076,0.0,0.0,4.9839785209472085,4.9839785209472085,0.0,0.0,11.984814814814815,0.0,24.005000000000003,0.0,-1.7081944444444437,-0.9911111111111108,0.0,0.7094907407407409,0.0,0.0,0.0,9,2,4,0,0,0,0,1,1,2,2,5,0,0,0,0,1,-0.7977000000000001,27.641399999999997,0,0,0,0,0,2,2,0,0,0,0,0,0,0,0,0,2,0,0,0,0,2,0,0,0,0,0,0,0,0,0,0,0,0,0,0,0,0,0,0,0,0,0,0,1,0,0,0,0,0,0,0,0,0,0,0,0,0,0,0,0,0,0,0,0,0,0,0,0,0,0,0,0,0,0,0,0,0,0,0,0,0,0,0,0
DINACICLIB,11.548678674640769,11.548678674640769,0.18513201801559287,0.18513201801559287,0.47016975266866856,396.4950000000003,368.2710000000002,396.227374136,154,0,0.18481358924517866,-0.61868427260626,0.61868427260626,0.18481358924517866,1.3793103448275863,2.2758620689655173,3.0689655172413794,16.465280039549157,9.99471276016687,2.2446399457057473,-2.363677995756467,2.2848654301905897,-2.404035519637088,5.611802688224422,-0.6053986856856517,3.157385883323904,1.69308233450483,970.9597645452124,20.21696770287794,16.789835997283376,16.789835997283376,14.1902031456512,10.360165139142097,10.360165139142097,7.539278883251161,7.539278883251161,5.60595021612159,5.60595021612159,4.067463424821522,4.067463424821522,-2.87,6351258.517915498,19.446588198151474,8.649474315692315,4.1192230215302725,169.93981856673122,20.530478754474807,11.635725555670057,18.04086436399388,0.0,0.0,0.0,0.0,4.9839785209472085,14.344487343822886,0.0,6.923737199690624,38.17047518309165,48.997872725803234,6.196843571613076,9.836935036746931,17.282902776437783,0.0,14.59805822286387,0.0,51.61444254938121,23.368336705282303,53.12378792839534,0.0,0.0,14.947105976763034,11.635725555670057,0.0,0.0,38.898064817278026,12.965578028838586,5.20725302477729,43.73392667478865,36.78963192022406,0.0,5.647177220767728,0.0,92.63,0.0,10.313780419617995,0.0,6.606881964512918,12.586597235060536,65.36825629935461,12.617665194539086,12.263210640074686,22.84497560215192,22.23911734284847,4.9839785209472085,2.6412873165204864,0.0,7.267434177374654,28.99319112363953,2.850476065541001,1.763541246745612,5.998627625054878,9.90580687031618,3.7463022414743268,0.0,0.47619047619047616,29,2,8,0,1,1,0,3,3,7,2,8,7,0,1,1,4,2.2785000000000006,111.78150000000007,0,1,1,0,0,4,0,0,0,0,0,0,0,0,0,5,1,0,0,0,0,0,0,0,0,0,0,0,0,2,1,0,0,0,0,0,1,0,0,0,0,0,0,0,0,0,0,0,0,0,0,0,0,0,0,0,0,0,0,0,0,0,0,0,0,0,0,0,0,1,0,0,0,1,0,0,0,0,0,0,0,0,0,0,0
ABT-888,11.377987370874276,11.377987370874276,0.0,-0.44149612622826884,0.792969675565931,317.21999999999997,299.076,316.08576655599995,110,0,0.25047392106613314,-0.3655298802461866,0.3655298802461866,0.25047392106613314,1.4,2.15,2.75,35.45400173627858,9.998107362565102,2.3285590838210357,-2.205356542068963,2.297661715598475,-2.3383341561531843,6.035522100413795,0.10014424779500697,2.9423909666396653,9.999997595000605e-07,619.8587233754068,12.75071237662706,11.102679887209694,12.735673049065147,8.59997219694379,6.141136592369543,6.141136592369543,5.013838323815372,5.013838323815372,3.6695286543375016,3.6695286543375016,2.5890363613393594,2.5890363613393594,-1.2999999999999998,21508.87796613595,16.753475935828874,5.992974298583205,2.611768997963314,129.0831590718068,16.034434602115724,11.341105215616189,0.0,0.0,5.907179729351506,0.0,4.794537184071822,4.9839785209472085,0.0,24.814066322359952,6.06636706846161,38.44287098837844,0.0,16.619077461696605,4.794537184071822,41.75464748694398,0.0,15.284745645900749,5.733667477162185,25.304305697925987,6.544756405912575,29.58695719508175,0.0,0.0,11.050456081168516,0.0,0.0,24.814066322359952,22.419893177158496,5.538925252383345,0.0,35.947773619311384,18.19910120538483,0.0,11.033401435232523,0.0,83.8,5.907179729351506,4.794537184071822,0.0,30.3529915747433,11.080152209313258,30.72750486738078,0.0,6.06636706846161,12.13273413692322,22.20848284559137,5.733667477162185,0.0,0.0,19.23868181531872,3.448989040060469,7.224702695893173,0.43692979969765744,5.435593348450491,2.175544138951877,3.122892494960947,0.0,0.38461538461538464,20,4,5,0,1,1,1,1,2,3,3,7,2,0,1,1,3,2.1039999999999996,83.69630000000001,0,0,0,0,0,2,1,0,0,0,1,1,0,0,0,1,2,1,0,0,0,1,0,0,0,0,0,1,0,0,0,0,0,0,1,0,1,0,0,0,0,0,0,0,2,0,0,1,0,0,0,0,0,0,0,0,0,0,0,0,0,0,0,0,1,0,0,0,0,0,0,1,0,0,0,0,0,0,0,0,0,0,0,0,0
VINBLASTINE,15.321994065804109,15.321994065804109,0.09862269637678334,-2.301098412712735,0.179801053533736,810.9890000000001,752.5250000000003,810.4203794360004,316,0,0.3436112263225902,-0.4963433590476223,0.4963433590476223,0.3436112263225902,0.9491525423728814,1.7118644067796611,2.406779661016949,16.577001409072587,9.473342424131298,2.801494259647496,-2.6305539410810437,2.6800908904599474,-2.809862263880841,5.946152907004586,-0.22812986890697917,3.8952434504158724,1.3637618830141263,2257.0913930587544,41.86286759389039,35.30018383407436,35.30018383407436,28.22071452344837,21.213077288186387,21.213077288186387,18.20394764135367,18.20394764135367,15.598755531983986,15.598755531983986,13.50609086349419,13.50609086349419,-4.430000000000001,16547476727054.902,40.00045547656914,13.801606719760814,5.196998741043846,345.1395957188032,39.04439485667929,11.164502302680685,6.103966387748303,5.601050810983688,0.0,17.90791586385555,19.388893829844598,4.794537184071822,0.0,0.0,44.19861581843384,74.24722930994724,90.93631433573132,32.97228426396425,43.54411815709707,34.49822707062016,0.0,14.783797982648164,11.332896515558172,99.51587194343307,66.00075636692313,70.93452509437687,0.0,5.749511833283905,9.636772684650527,5.687386274683562,5.749511833283905,0.0,133.3953649402694,45.845002975335184,11.332896515558172,75.25960218364136,48.55024262443742,0.0,10.902924932081056,0.0,154.1,57.50079611090952,19.802129157825057,4.794537184071822,11.959746875309353,82.56167509209983,33.41114218500707,21.14333228224569,7.109797541277533,50.06052438675535,39.068572333239146,18.947451815200196,23.936517771858263,0.0,53.16144392035004,26.33091239810505,-1.624673022144698,-1.5628213619726956,10.952784243529363,5.944736805409448,8.624607439329598,6.153158472202294,0.5869565217391305,59,3,13,1,5,6,2,1,3,12,3,13,7,1,2,3,9,3.990900000000004,220.4282999999994,0,2,0,0,0,1,1,0,0,0,3,3,0,0,0,3,1,0,0,1,0,1,0,0,0,0,0,0,0,1,0,0,0,0,2,0,6,0,0,0,3,4,0,0,0,0,0,0,0,0,0,0,0,0,0,3,0,0,0,0,0,0,0,0,1,0,0,0,0,1,0,0,0,0,0,0,0,0,0,0,0,0,0,0,0
BORTEZOMIB,12.826666981607456,12.826666981607456,0.09193056080456885,-1.6949844256139357,0.46304615262258836,384.2450000000001,359.0450000000001,384.19688568000004,148,0,0.4749647122685063,-0.4257360952865367,0.4749647122685063,0.4257360952865367,1.1071428571428572,1.8214285714285714,2.392857142857143,16.37868724573293,9.745964348460511,2.29889828742702,-2.238719589157009,2.0850815346306937,-2.5462629974704805,6.432550792701827,-0.12300925480649798,2.6752263701822323,2.161933230544059,759.0436469670761,20.518297090128673,15.947767755576168,15.947767755576168,13.363081100704113,9.13789914488264,9.13789914488264,6.964666142522542,6.964666142522542,4.113162282885619,4.113162282885619,2.753966930279588,2.753966930279588,-2.7750649350649352,1408881.2155927708,21.524172160754688,10.531039362336648,6.750183039885146,164.11611240521268,20.68162235814467,11.735768823996422,0.0,5.907179729351506,5.907179729351506,7.118392334224363,14.573052889090853,4.9839785209472085,0.0,0.0,44.179309741689295,17.9021791607844,18.814508766152162,12.138036169478873,19.63711951827565,18.932751792927373,0.0,20.60153424990708,5.917906046161393,38.67215107224702,0.0,60.17974554369273,0.0,0.0,10.633577208012662,0.0,0.0,0.0,50.93178741196756,11.21535880699783,5.917906046161393,36.320212692924535,48.92236605714727,0.0,0.0,0.0,124.44000000000001,30.91578521994113,19.63711951827565,0.0,18.032655663935863,6.4208216229260096,5.563451491696996,18.59053071483923,0.0,44.179309741689295,20.60153424990708,0.0,0.0,0.0,33.07797794477448,24.450794335551283,0.9456827653901069,-1.7203417003471124,8.326027304542365,4.78381958130921,3.8310241943936028,-1.6949844256139357,0.3684210526315789,28,4,8,0,0,0,1,1,2,6,4,9,9,0,0,0,2,0.36059999999999875,105.00950000000003,0,0,0,0,0,2,0,0,0,0,2,2,0,0,0,2,2,0,0,0,0,0,0,0,0,0,0,2,0,0,0,0,0,0,1,0,0,0,0,0,0,0,0,0,0,0,0,0,0,0,0,0,0,0,0,0,0,0,0,0,0,0,0,0,0,0,0,0,0,0,0,0,0,0,0,0,0,0,0,0,0,0,0,0,0
PACLITAXEL,15.48379501966039,15.48379501966039,0.0028853439807070558,-2.3909581468254903,0.12978619445124503,853.9180000000003,802.5100000000001,853.3309553120001,328,0,0.338014232853755,-0.4557369238936237,0.4557369238936237,0.338014232853755,0.8225806451612904,1.403225806451613,1.9516129032258065,16.63726267137173,9.443592633100621,2.7807239828580546,-2.670309925123761,2.6415169563649172,-2.8152203884947378,5.960987193723818,-0.3455531656402237,3.2369337087525145,1.3874476640402011,2280.346269552866,44.94021786308,35.2327485165234,35.2327485165234,29.272289927176125,20.472849958329043,20.472849958329043,17.3540403012464,17.3540403012464,13.479855154842255,13.479855154842255,10.182540514539149,10.182540514539149,-5.739999999999999,19536342594936.66,44.3203576455078,16.512845507693864,7.294407711419627,357.8854073908183,44.32068555752869,23.912949974228596,23.592228532845233,0.0,5.907179729351506,23.877221151807397,19.178148736287287,9.589074368143644,0.0,0.0,80.57751215245897,54.82260322506322,37.667559606327046,35.64903718866435,67.77112005795328,35.56764582752384,0.0,5.316788604006331,16.747886984954953,108.2518072216009,6.606881964512918,118.83206956215372,0.0,0.0,5.316788604006331,0.0,0.0,0.0,105.3200099250161,42.86246350528753,16.747886984954953,86.70533611637833,102.14171508706272,0.0,0.0,0.0,221.28999999999996,112.60409521300997,39.292268104881224,4.794537184071822,35.30081563097145,5.563451491696996,13.847474399381248,25.980208536304467,92.7102462893822,0.0,5.316788604006331,23.684314769000245,30.27238288139994,0.0,83.45331184567333,40.233952430571534,-7.019085032825359,-6.841158827712652,22.937711636968988,-10.511556872841577,7.974441938765803,0.0,0.44680851063829785,62,4,15,3,1,4,3,0,3,14,4,15,10,2,1,3,7,3.735700000000004,217.69009999999943,0,3,2,0,0,0,0,0,0,0,6,6,0,0,0,0,1,0,0,0,0,0,0,0,0,0,0,1,0,0,0,0,0,0,3,0,5,0,0,0,4,5,0,0,0,0,0,0,0,0,0,1,1,0,0,0,0,0,0,0,0,0,0,0,0,0,0,0,0,0,0,0,0,0,0,0,0,0,0,0,0,0,0,0,0
DEXAMETHASONE,16.85906328735198,16.85906328735198,0.06755645313681025,-1.980464025888133,0.6672134969921051,392.4670000000001,363.23500000000007,392.19990224799994,154,0,0.18990619222686994,-0.3897124158559765,0.3897124158559765,0.18990619222686994,1.3214285714285714,2.0,2.642857142857143,19.147660449368267,9.44343919415896,2.749819866206266,-2.621825242064574,2.7016168334915958,-2.6903726199141667,6.009344411704314,-0.21909017207990547,2.842931476530693,1.83769187946728,804.7488254884713,20.698306133819763,16.61308763069695,16.61308763069695,12.96323339420858,10.142335326732528,10.142335326732528,9.749150873950827,9.749150873950827,8.79125320497435,8.79125320497435,7.261033170025531,7.261033170025531,-1.3700000000000003,1500075.6365228966,19.925309492060308,5.832747547893353,2.0142638085946416,163.8717856112747,15.319582184522117,12.207932775496605,17.235249711475557,0.0,0.0,0.0,9.589074368143644,4.39041504767482,0.0,0.0,25.496599036284397,56.5948759973852,16.747886984954953,6.103966387748303,29.299071600340582,11.566489892729878,0.0,0.0,28.583699077277743,63.82827510825358,6.606881964512918,23.80116485057091,0.0,0.0,0.0,4.39041504767482,0.0,0.0,50.866731059242575,9.589074368143644,28.583699077277743,46.4544980907759,23.80116485057091,0.0,0.0,0.0,94.83000000000001,52.42969695947186,24.90865655266576,4.39041504767482,18.121972615452343,24.835569398847298,0.0,12.152040213667762,26.847231705905752,0.0,0.0,0.0,16.85906328735198,0.0,24.380376536674216,31.963442055781645,-5.1691156987486355,-2.1191335745667015,0.0,4.439214381714833,4.479486345126,0.0,0.7272727272727273,28,3,5,4,0,4,0,0,0,5,3,6,2,3,0,3,4,1.8957,99.94440000000004,0,3,2,0,0,0,0,0,0,0,2,2,0,0,0,0,0,0,0,0,0,0,0,0,0,1,4,0,0,0,0,0,0,0,0,0,5,0,0,0,0,0,0,0,1,0,0,0,0,0,0,2,1,0,0,0,0,0,0,0,0,0,0,0,0,0,0,0,0,0,0,0,0,0,0,0,0,0,0,0,0,0,0,0,0
MK-8776,6.294704349332326,6.294704349332326,0.3630308851935835,0.3630308851935835,0.7140984069156686,376.26200000000017,358.1180000000001,375.080705676,120,0,0.16516128036097263,-0.3825821331084429,0.3825821331084429,0.16516128036097263,1.3478260869565217,2.217391304347826,2.9130434782608696,79.91873118383289,9.955681277517542,2.2344963424693156,-2.234187230276136,2.3435052544193726,-2.290170365414275,9.103874502231948,0.4534271836238605,3.173413597566068,1.8923541576709948,860.2080480849402,15.97432701575866,12.82921092120334,14.415207460318044,11.14786704554084,7.672198727334311,8.465196996891663,5.935877071313191,6.728875340870543,4.347591218420846,5.160068590170679,3.1328864702081995,3.71324628872852,-1.9299999999999997,360410.9291027734,14.648970351845616,5.60991749247086,2.417066071883482,141.5627627271445,11.050456081168516,5.817862777835028,5.647177220767728,0.0,0.0,0.0,4.681802935145185,4.9839785209472085,14.712761510217698,0.0,0.0,35.31634354971394,36.83408098975822,22.560334653907027,0.0,27.394983896552105,0.0,29.695331570316423,7.04767198267719,18.75954929201341,18.823180288987334,28.757178225520104,0.0,11.126902983393991,11.050456081168516,5.817862777835028,0.0,15.929943897949348,37.468055778135245,7.04767198267719,0.0,24.453477286861872,23.063250230671642,0.0,16.77408020416172,0.0,86.06,0.0,0.0,0.0,0.0,11.735768823996422,52.871883772519766,0.0,15.394044400373883,19.441359125903343,31.444096118557756,10.717645998109393,4.3043187025983745,3.613896053791887,4.901403533635676,12.064533067091237,10.015883986310575,0.9516547514067353,0.0,7.839038907420942,1.9970626329171604,1.8955416981607458,0.4,23,3,7,0,1,1,0,3,3,7,2,8,2,0,1,1,4,1.9414999999999998,92.14610000000002,0,0,0,1,0,5,0,0,0,0,0,0,0,0,0,5,1,1,0,0,0,0,0,0,0,0,0,0,0,1,1,0,0,0,0,0,1,0,0,0,0,0,0,0,1,0,0,0,0,0,0,0,0,0,0,0,0,0,0,0,0,0,0,0,0,0,0,0,0,1,0,0,0,0,0,0,0,0,0,0,0,0,0,0,0
MRK-003,13.052592406715341,13.052592406715341,0.07613282337218163,-4.608639193089378,0.5592061457538581,551.5970000000004,520.3490000000003,551.2041175520001,206,0,0.40197712558033794,-0.2996438180518531,0.40197712558033794,0.2996438180518531,0.972972972972973,1.6216216216216217,2.2432432432432434,32.238793048273976,9.79462649633465,2.6000292930462154,-2.3331280032368427,2.502820173155791,-2.5194849262843544,7.86998465889884,-0.1842668562570899,3.1705000565329975,1.2582119100152667,1144.0616276874123,26.639617433688304,20.283935647015902,21.100432227943624,17.250716662435217,12.683083252557498,14.123146581358139,10.95716270172309,12.627817306105658,8.660475418007499,10.236503806134715,6.74897751112987,8.456144096907469,-1.6300000000000001,119830317.83668725,26.956487043941824,9.530694114725918,5.575412369805325,212.6112709913471,0.0,6.544756405912575,0.0,0.0,10.209329170397666,12.35259703488695,4.899909730850478,0.0,43.787598126126184,0.0,30.351141419052592,80.14060911679498,13.08951281182515,11.456831298544738,34.76028727037786,16.285349277231546,0.0,13.9272205865988,17.75371813848418,56.41645202482636,32.72378202956288,40.9654757873097,0.0,0.0,4.722094864452088,26.34249028604892,0.0,0.0,68.23822702330881,23.050972416249685,17.75371813848418,42.37364096679502,24.27512131221871,0.0,6.076020106833881,0.0,52.650000000000006,40.56351390974193,34.76028727037786,0.0,31.22221174408738,36.78112845488598,29.531997720943004,0.0,0.0,35.25105114990307,4.722094864452088,0.0,106.23637206767003,0.0,2.003773516794489,0.0,2.210939088837199,-1.3939675692656024,6.021707019540037,-1.9169740414576912,-0.2799789103668351,-4.21520450508494,0.68,37,1,5,2,2,4,1,0,1,3,1,12,4,1,2,3,5,4.550000000000004,126.73150000000008,0,0,0,0,0,0,0,0,0,0,0,0,0,0,0,2,1,0,0,0,1,0,0,0,0,6,0,0,0,0,0,0,0,0,1,0,1,0,0,0,0,0,0,0,6,0,0,0,0,0,0,0,0,0,0,0,0,0,0,0,0,0,0,0,0,0,0,0,0,1,0,0,0,0,0,0,0,0,0,0,0,0,0,0,0
ZOLINZA,11.59141463182814,11.59141463182814,0.013241895523641967,-0.3594253181225928,0.3832200999836572,264.3249999999999,244.16499999999996,264.1473925,104,0,0.24282861814920875,-0.32609847921656915,0.32609847921656915,0.24282861814920875,0.8947368421052632,1.4736842105263157,2.0526315789473686,16.466912691053516,10.105130650193678,2.022074429228835,-2.0437103024140284,2.085994894652929,-2.1724504286433697,5.900457626583423,-0.12888717840572744,2.43021074012854,2.032661268153765,392.93736710495426,13.924438962994,10.893102209495101,10.893102209495101,9.21954535281284,6.499645471923349,6.499645471923349,4.363395035452541,4.363395035452541,2.7399240433905256,2.7399240433905256,1.7255431762256637,1.7255431762256637,-1.88,18362.67235241125,15.178411214953275,9.103589516578463,7.205209337695133,112.52198085364748,5.316788604006331,0.0,0.0,11.814359458703011,0.0,0.0,14.796327392920933,5.480096598121202,0.0,0.0,31.04074445123685,24.97437738277524,18.52902952053558,0.0,14.796327392920933,17.501745733386574,0.0,5.480096598121202,0.0,38.524929737556064,5.316788604006331,30.33183534230805,0.0,0.0,10.796885202127534,5.687386274683562,0.0,0.0,17.0216124834803,9.589074368143644,0.0,38.524929737556064,30.33183534230805,0.0,0.0,0.0,78.43,0.0,9.589074368143644,0.0,11.814359458703011,12.841643245852019,31.3706727663876,0.0,5.480096598121202,30.33183534230805,5.316788604006331,5.20725302477729,0.0,0.0,22.32211625455416,11.122017013037416,2.4104883776367503,-0.34618342259895085,9.359749944038676,4.131811833331945,0.0,0.0,0.42857142857142855,19,3,5,0,0,0,1,0,1,3,3,5,8,0,0,0,1,2.4710999999999994,72.70290000000003,0,0,0,0,0,0,0,0,0,0,2,2,0,0,0,0,2,0,1,0,0,0,0,0,0,0,0,2,0,1,0,0,0,0,1,0,0,0,0,0,0,0,0,0,0,0,0,0,0,0,0,0,0,0,0,0,0,0,0,0,0,0,0,0,1,0,0,0,0,0,0,0,0,0,0,0,0,0,0,0,0,0,0,3,0
LAPATINIB,13.43080267349532,13.43080267349532,0.06636168724030922,-3.0189964704993364,0.17947949298055937,581.0690000000003,554.8610000000003,580.134732212,206,0,0.14820462662281222,-0.48734392314725267,0.48734392314725267,0.14820462662281222,1.025,1.9,2.7,35.4956930961534,10.096909029653476,2.114112191168381,-2.1211392275794756,2.3247477367068123,-2.2115634267962747,7.902111016768608,0.30558042230322624,3.3922507391730585,1.291877087026654,1760.5816038855614,28.11430892837647,21.525578213549018,23.098003740495198,19.23129794297471,12.395212290053271,14.833690279846516,9.215612699911482,11.882565337251219,6.0083450792657915,7.249420413511957,4.026938249729609,4.777163731713348,-3.9899999999999993,1089671666.2054772,27.572125089822265,12.033712839100877,7.14680707641382,235.65015567569458,19.78759109886606,51.676545465608676,0.0,0.0,0.0,0.0,0.0,22.776169073898174,0.0,0.0,23.733674027155736,66.2271221763131,29.437587570269333,22.836944044016953,21.96222592285715,43.84636701124967,0.0,15.284745645900749,0.0,13.151638370425493,23.8701678001771,101.28727796166254,0.0,17.07321074385534,15.370440161812711,15.89566410019341,5.749511833283905,11.600939890232516,36.939133222394126,22.988891506842997,5.817220841045895,11.323698910571437,83.54087583335723,5.022633313741326,22.226623842652494,0.0,106.35000000000001,9.837253136417502,12.808212032003757,0.0,18.1769564123056,52.45085334081485,16.46637642377805,24.715823395199166,24.26546827384644,36.39820241076966,20.60153424990708,20.75495378108591,47.77016383386255,6.4674364239524245,8.796988740381748,7.555419093540143,2.9915328563347954,2.1726441865322355,20.97804452970269,2.6916802072288206,0.956197710075052,-3.0189964704993364,0.1724137931034483,40,2,8,0,0,0,3,2,5,8,2,11,11,0,0,0,5,6.139100000000004,154.12419999999972,0,0,0,0,0,2,0,0,0,0,0,0,0,0,0,2,2,0,0,0,0,0,0,0,0,0,0,0,0,2,0,0,0,0,3,0,1,0,0,0,0,1,1,0,2,0,0,0,0,0,0,0,0,0,0,0,0,0,0,0,0,0,0,0,0,0,0,0,0,0,0,0,0,0,0,0,0,1,0,0,0,0,0,1,0
METHOTREXATE,12.370387140153795,12.370387140153795,0.013755321471853543,-1.29984144003521,0.29472034504927447,454.44700000000023,432.27100000000024,454.1713158039999,172,0,0.32572120059413157,-0.4812292557834712,0.4812292557834712,0.32572120059413157,1.0909090909090908,1.7878787878787878,2.4242424242424243,16.371409309108397,10.104279624576707,2.2137437987633697,-2.1930724186071844,2.185367839979415,-2.4063878949490514,5.96535448704449,-0.14008816001937005,2.7616596075412105,1.674622124193935,1201.0294275064248,24.12059138570063,17.595362536967947,17.595362536967947,15.633938048533212,9.750178614129933,9.750178614129933,7.200234726002427,7.200234726002427,4.7208769971295785,4.7208769971295785,3.027299012367515,3.027299012367515,-4.55,15580631.75408013,23.12024193744085,9.71963980458573,5.782489078211631,187.03080174861526,31.897088078862588,6.041840829147961,16.98174071621902,5.948339280986494,5.907179729351506,11.938610575903699,9.589074368143644,14.76249422596624,9.967957041894417,0.0,0.0,30.68628989677245,24.719331371983756,18.43552797237411,24.596666341896878,46.46325657714428,0.0,25.252702687795164,0.0,25.428240480912553,23.41491666785204,41.71969133200497,0.0,0.0,21.68403328918118,17.453588333505085,0.0,0.0,61.08427199055059,16.133830774056218,0.0,28.893559916469297,30.462311845459514,0.0,11.16387793838399,0.0,210.53999999999996,23.887631134403165,19.490138947056174,0.0,30.171296796370537,23.402562339145028,5.687386274683562,12.13273413692322,18.329577708536295,11.947581713527669,25.252702687795164,16.573862349165076,0.0,0.0,52.69354289457169,20.249152627912856,13.655717453172574,-2.907975404801496,5.160359524785862,0.9639548971166267,0.3696192219035348,1.8156287853383466,0.25,33,7,13,0,0,0,1,2,3,10,5,13,9,0,0,0,3,0.2684000000000003,118.26160000000006,2,0,0,2,0,4,0,0,2,2,3,1,0,0,0,5,1,2,0,0,0,0,0,0,0,0,0,1,0,3,0,0,0,0,1,0,1,0,0,0,0,0,0,0,0,0,0,0,0,0,0,0,0,0,0,0,0,0,0,0,0,0,0,0,0,0,0,0,0,0,0,0,0,0,0,0,0,0,0,0,0,0,0,0,0
DASATINIB,12.693081800261478,12.693081800261478,0.17311797422773734,-0.2666136091002893,0.46571730609788475,488.01700000000034,461.80900000000025,487.1557217520001,174,0,0.2669995457316883,-0.3950445481992146,0.3950445481992146,0.2669995457316883,1.2121212121212122,2.0,2.727272727272727,35.49569262790629,10.17362289695744,2.191568760674458,-2.3471555825901445,2.2812254639844123,-2.4709310230824264,7.171599304418776,0.10254581742070337,3.2507560434609006,1.4315929128906488,1111.432170715536,23.37166824125719,18.507134660004116,20.07956018695029,15.923055291019509,10.6586032841892,11.853064338126153,7.751415202594919,9.189264211261886,5.361898965339837,6.588407717104562,3.631779671573785,4.619262291617819,-2.79,33876609.84080048,23.370935025991837,10.429649853029732,5.772233374483719,201.00196040766056,20.640014333703846,22.337277247371283,5.131558479839333,0.0,5.907179729351506,0.0,9.694446914922299,14.951935562841626,0.0,0.0,35.07045990509047,25.477292959539852,38.790149098024486,23.513745124550884,9.901064578912528,51.29957580771172,0.0,19.851845293692104,0.0,13.847474399381248,54.86415093293893,51.74994834259907,0.0,0.0,15.53348693886314,22.454670310192952,0.0,22.937725768167255,70.19621641196011,0.0,13.847474399381248,21.059540367470042,30.462311845459517,5.022633313741326,0.0,0.0,106.50999999999999,0.0,4.794537184071822,0.0,12.514061693864424,38.90574894371305,37.560339893182324,17.533629449547814,6.06636706846161,32.046575604766076,35.38533223255524,16.70746728507322,0.0,7.457830513857925,30.97530056094894,16.24512659009515,1.488080397280827,1.8513633525950377,7.367072949316626,1.5315981931343652,8.028071887215573,0.0,0.36363636363636365,33,3,9,0,1,1,1,2,3,9,3,11,7,0,1,1,4,3.313540000000002,132.04670000000002,0,1,1,0,0,3,0,0,0,0,1,1,0,1,0,5,2,0,0,0,0,0,0,0,0,0,0,1,0,4,2,0,0,0,1,0,0,0,0,0,0,0,0,0,1,0,0,0,0,0,0,0,0,0,0,0,0,0,0,0,0,0,0,0,1,0,0,0,0,0,1,0,0,0,0,0,0,0,0,0,1,0,0,0,0
MITOMYCINE,12.77067649281935,12.77067649281935,0.05860449735449769,-0.957337962962963,0.4106698403593517,334.33200000000005,316.188,334.127719676,128,0,0.4040107632123312,-0.44885887175476397,0.44885887175476397,0.4040107632123312,1.4166666666666667,2.125,2.75,16.55151002850718,9.82388998696217,2.7219588832252484,-2.392648662821867,2.5500058629059623,-2.548448974463404,6.249532292615752,-0.1366864258954396,3.1569098510360876,1.8468552624597727,756.963370969733,17.386386867018626,13.2894199561405,13.2894199561405,11.340276933485196,7.651541369159881,7.651541369159881,6.45924608813487,6.45924608813487,5.474588945534278,5.474588945534278,4.309835149201244,4.309835149201244,-2.39,387390.7216403404,15.156102126947134,4.577599020464515,1.577721211564523,137.14704395787854,31.157759196781278,6.606881964512918,5.724985593970254,11.566489892729878,0.0,6.093240070938415,9.589074368143644,4.794537184071822,0.0,0.0,0.0,6.923737199690624,30.842603836476606,23.35382550142102,23.857337459815565,17.659729963668294,0.0,10.216698334856808,17.385241000485763,24.7324044519568,20.261435911703025,22.540287686250203,0.0,0.0,16.784123558330702,4.794537184071822,0.0,0.0,60.62974285848797,19.06280027574374,5.917906046161393,6.923737199690624,22.540287686250203,0.0,0.0,0.0,146.89000000000001,23.519376657435,14.383611552215466,0.0,41.31705694236815,12.241795718968408,0.0,14.033534740968157,0.0,4.899909730850478,5.316788604006331,20.94106086192447,10.778712915721844,0.0,38.43265248383304,3.2781571239606953,10.671652835516923,-1.340096844293272,0.10948743386243343,-0.9495966133366924,1.9181439489375995,1.5175533824640968,0.5333333333333333,24,5,9,1,3,4,0,0,0,8,3,9,3,0,2,2,4,-1.6511999999999976,80.11050000000002,0,0,0,0,0,0,0,0,0,0,3,3,0,0,0,1,1,2,0,0,0,0,0,0,0,0,2,1,0,0,0,0,0,0,0,0,4,0,0,0,0,2,0,0,0,0,0,0,0,0,0,2,2,0,0,1,0,0,0,0,0,0,0,0,0,0,0,0,0,0,1,1,0,0,0,0,0,0,0,0,0,0,0,0,0
DOXORUBICIN,13.643057057489102,13.643057057489102,0.0172524144593047,-2.240737142563892,0.2352625816856562,543.5250000000003,514.2930000000003,543.1740607479999,208,0,0.20163128145012926,-0.5068479547044316,0.5068479547044316,0.20163128145012926,1.1538461538461537,1.8461538461538463,2.4871794871794872,16.693332323770328,9.71557470248888,2.4973736794206656,-2.4180027530954185,2.52109466243067,-2.52547664906699,6.310532857660566,-0.24685750774631635,2.9047365340290137,1.6862632099701684,1376.5187409654495,28.386022388089113,21.210137267735785,21.210137267735785,18.427777117237817,12.411801735393004,12.411801735393004,10.15993306051869,10.15993306051869,7.805280422640817,7.805280422640817,5.750258572698187,5.750258572698187,-3.39,374870204.0707537,27.187262938747462,9.662462759118538,4.111772825118512,222.0813970275671,45.47689331276585,29.45646827534832,17.85651662206509,5.783244946364939,0.0,0.0,14.383611552215466,0.0,0.0,0.0,12.13273413692322,12.990104268152233,41.994660173016975,42.11205117961343,54.12683738781914,17.34973483909482,0.0,0.0,5.733667477162185,62.43101960118041,13.716679505790452,51.579810155566804,0.0,17.248535499851716,10.470530430962235,0.0,17.248535499851716,0.0,86.73990246405228,20.68908471459793,0.0,68.83913015161657,18.19910120538483,0.0,0.0,0.0,206.07,95.66900423213335,39.91624852641899,0.0,34.4241394229979,0.0,0.0,25.308898746662365,6.923737199690624,0.0,0.0,19.944256338562333,16.992219914907576,0.0,39.739082074244365,53.69213165007616,2.373741684889566,-3.774704747880251,3.6351561196884794,-5.122799847545571,0.5596546492817409,1.3221851690045994,0.4444444444444444,39,7,12,2,1,3,2,0,2,12,6,12,5,0,1,1,5,0.0012999999999995793,131.7544000000001,0,3,2,0,0,0,0,2,0,0,3,3,0,0,0,0,0,1,0,0,0,0,0,0,0,0,0,0,0,0,0,0,0,0,2,0,3,0,0,0,0,3,0,0,0,0,0,0,0,0,0,3,1,0,0,1,0,0,0,0,0,0,0,0,0,2,2,0,0,0,0,0,0,0,0,0,0,0,0,0,0,0,0,0,0
OXALIPLATIN,9.099537037037036,9.099537037037036,0.0,-1.8240740740740737,0.6024053311132676,397.288,383.176,397.060148028,90,0,2.0,-0.675828777536699,2.0,0.675828777536699,0.9333333333333333,1.2,1.3333333333333333,,,,,,,,,2.108535955543348,0.0,190.81835015416888,11.137828201504695,8.010279201069922,10.28248725616204,6.447264862732148,4.332642069414507,4.332642069414507,3.1077483237813674,3.1077483237813674,1.9489127783717195,1.9489127783717195,1.1308704672844427,1.1308704672844427,-0.4516883116883115,864.4997417727726,16.959473294699688,8.824483560509332,8.536836805481366,102.27322701889209,21.68038974400578,0.0,0.0,0.0,0.0,33.00387763727482,0.0,9.589074368143644,12.083681658295921,0.0,25.683286491704038,0.0,0.0,0.0,40.86739621919618,11.938610575903699,0.0,0.0,0.0,37.76696814999996,0.0,11.46733495432437,0.0,0.0,0.0,0.0,0.0,0.0,34.235347023881026,30.654341429514766,0.0,25.683286491704038,0.0,0.0,11.46733495432437,0.0,122.20000000000002,11.938610575903699,0.0,0.0,33.14894871966704,0.0,12.841643245852019,12.841643245852019,0.0,0.0,0.0,31.26946411214942,0.0,0.0,18.199074074074073,14.782407407407407,14.580925925925925,-3.6481481481481475,-0.15972222222222276,4.2454629629629625,0.0,0.0,0.75,15,4,6,1,0,1,0,0,0,2,2,7,0,1,0,1,1,1.5551000000000001,49.95900000000001,2,0,0,0,0,0,0,0,2,2,2,0,0,0,0,0,2,0,0,0,0,0,0,0,0,0,0,0,0,0,0,0,0,0,0,0,0,0,0,0,0,0,0,0,0,0,0,0,0,0,0,0,0,0,0,0,0,0,0,0,0,0,0,0,0,0,0,0,0,0,0,0,0,0,0,0,0,0,0,0,0,0,0,0,0
GELDANAMYCIN,13.325347948848233,13.325347948848233,0.08011152508675745,-1.0020128193546436,0.34597219857766504,560.6440000000005,520.3240000000004,560.2733808599999,220,0,0.4047040148198253,-0.49223445150026207,0.49223445150026207,0.4047040148198253,1.1,1.775,2.35,16.577932137511464,9.852318346848229,2.3356957059645906,-2.2948404194052894,2.291394584316671,-2.3695621146951793,6.226466278612679,-0.1204728515831936,2.8961446084635445,2.60067226437603,1148.1469006358327,30.145535412082957,24.05561671185947,24.05561671185947,18.835043973341577,12.963178354983217,12.963178354983217,10.089243070668259,10.089243070668259,6.947392408790105,6.947392408790105,4.782060696974071,4.782060696974071,-3.5400000000000005,247236888.412171,32.67071060955855,14.733684595046363,8.231772449931208,234.28220871397428,35.10443529120942,6.103966387748303,11.86313125940448,11.566489892729878,5.907179729351506,6.093240070938415,14.383611552215466,4.794537184071822,0.0,0.0,38.15155482671677,38.18012822146393,37.35973029568888,25.01476962982997,43.23212794632819,23.5669096930198,0.0,5.316788604006331,17.569479569484972,64.95245759560771,21.3293926238326,58.55561830908921,0.0,0.0,11.050456081168516,4.794537184071822,0.0,0.0,74.4186952626863,33.331063367415666,11.835812092322787,40.53659204461451,58.55561830908921,0.0,0.0,0.0,163.48,53.9006812901744,24.284676131127995,0.0,34.94114091393794,11.993926152995277,6.076020106833881,34.329149930357104,32.075534719882896,6.923737199690624,5.316788604006331,24.681119292362382,21.732328447936172,0.0,50.61022007552714,13.67237452884684,6.123157227082539,-2.3872886525063866,0.0,3.614092959294007,6.921419558560542,4.213695855259136,0.5172413793103449,40,4,11,1,1,2,0,0,0,9,3,11,4,0,0,0,2,2.408400000000001,146.54789999999988,0,1,1,0,0,0,0,0,0,0,4,4,0,0,0,0,1,1,0,0,0,0,0,0,0,0,4,2,0,0,0,0,0,0,0,0,2,0,0,0,0,4,0,0,0,0,0,0,0,0,0,2,1,0,0,3,0,0,0,0,0,0,0,0,0,0,0,0,0,0,0,1,0,0,0,0,0,0,0,0,0,0,0,0,0
MK-4541,12.347714396942079,12.347714396942079,0.05152679358780543,-4.5201855775276805,0.714202445862803,428.4950000000002,397.2470000000002,428.22867751200005,168,0,0.4222594518238959,-0.43989577013565095,0.43989577013565095,0.4222594518238959,1.2,1.9333333333333333,2.6333333333333333,19.413331874945996,9.479401715246107,2.6024311190580085,-2.598057983505959,2.6343077610751178,-2.6011275408094834,5.885725764486725,-0.16031932788317177,2.992616845773102,1.4827677677236486,754.4000147375534,21.89697674656903,17.797051238552445,17.797051238552445,13.954979465236052,10.9160877384711,10.9160877384711,10.128567973787657,10.128567973787657,8.78666572317581,8.78666572317581,7.306860348759935,7.306860348759935,-1.73,4097981.774395238,21.500092178166188,7.159433320516686,3.397274580113231,174.9329992760417,14.953561288656857,0.0,6.606881964512918,5.907179729351506,0.0,12.26953858838189,4.794537184071822,4.794537184071822,13.171245143024459,0.0,19.92349450621513,67.7696584522709,24.54634411036989,0.0,27.497182464968148,12.00041980028992,0.0,10.216698334856808,28.58369907727774,70.63238431267669,13.654553947190108,12.152040213667762,0.0,0.0,5.316788604006331,17.96578232709628,0.0,0.0,48.814863654069896,9.53140013787187,28.58369907727774,52.372404136937305,12.152040213667762,0.0,0.0,0.0,58.64,18.876420552894807,22.760319511168102,0.0,28.820842326440985,17.75371813848418,38.524929737556064,0.0,6.076020106833881,11.947581713527669,29.977146064021507,0.0,41.42983383615897,0.0,26.022011733955154,2.7373355377887307,-0.18871118354749306,1.4478252019817404,0.05012966616429071,3.96887202130412,2.8897478924770557,1.892955293717431,0.8181818181818182,30,1,5,3,1,4,0,0,0,3,1,8,2,3,0,3,4,4.282900000000003,104.41070000000006,0,0,0,0,0,0,0,0,0,0,2,2,0,0,0,1,1,0,0,1,0,0,0,0,1,3,0,2,0,0,0,0,0,0,0,0,5,0,0,0,0,1,0,0,3,0,0,0,0,0,0,0,0,0,0,0,0,0,0,0,0,0,0,0,0,0,0,0,0,0,0,0,0,0,0,0,0,0,0,0,0,0,0,0,0
GEMCITABINE,13.700872071050643,13.700872071050643,0.11405562379272616,-3.7132752267573697,0.6120873727300361,263.2,252.11199999999994,263.071762272,100,0,0.35131379854975847,-0.393564363221731,0.393564363221731,0.35131379854975847,1.6111111111111112,2.2777777777777777,2.7777777777777777,19.285892497514457,10.113259945532517,2.5898329279445496,-2.203522994767577,2.4136828214623725,-2.413505706665211,5.23343379772716,-0.1404876149228341,2.5183619408733295,2.4191219777016335,506.83126955905954,13.499635521070495,9.032488305270316,9.032488305270316,8.374245891192093,5.04475346305023,5.04475346305023,3.8710878934285597,3.8710878934285597,2.663557921514029,2.663557921514029,1.7228616480990466,1.7228616480990466,-1.5800000000000003,10211.95767024135,12.866060785008983,4.264616604979354,1.8546532535041431,99.43404632324699,20.683585220643646,11.92182916558333,6.103966387748303,6.22790117073487,0.0,11.61227256629805,4.567099647791355,4.794537184071822,13.764808616296849,0.0,0.0,6.06636706846161,6.196843571613076,6.606881964512918,23.7307478388311,5.817862777835028,0.0,9.551078168738563,0.0,24.358363114326053,12.340549441675103,22.74749122234998,0.0,0.0,11.423410875365658,14.598692873184667,0.0,0.0,44.501476866524065,4.736862953800049,0.0,6.22790117073487,17.057747824146507,0.0,0.0,0.0,110.60000000000001,36.65498847704244,18.681894674262168,0.0,5.817862777835028,4.567099647791355,12.263210640074686,0.0,0.0,0.0,4.9839785209472085,15.57705782580294,32.70181783824641,0.0,14.718198223733937,18.10387760351054,4.209688995968758,-3.827330850550096,1.1522751322751323,-4.687900132275134,-0.787293477576215,0.0,0.5555555555555556,18,4,7,0,1,1,0,1,1,7,3,9,2,0,1,1,2,-1.2886000000000004,54.859000000000016,0,2,2,1,0,2,0,0,0,0,0,0,0,0,0,2,0,1,0,0,0,0,0,0,0,2,0,0,0,1,0,0,0,0,0,0,0,0,0,0,0,1,0,0,2,0,0,0,0,0,0,0,0,0,0,0,0,0,0,0,0,0,0,0,0,0,0,0,0,0,0,0,0,0,0,0,0,0,0,0,0,0,0,0,0
SORAFENIB,12.93887738071883,12.93887738071883,0.06593892325417694,-4.641864625107676,0.4613395020059932,464.83100000000013,448.7030000000001,464.086302712,166,0,0.41741842768680637,-0.45723690229449804,0.45723690229449804,0.41741842768680637,0.9375,1.59375,2.25,35.49569230196615,10.164254358533512,2.330220266985286,-2.1243651775003527,2.357970309003776,-2.1948671769621653,6.311335678872339,-0.13699674174256032,2.750350513639507,1.6244376001208214,1137.8789445127009,23.30275414050485,16.45731905082472,17.213247996843176,15.151216908830305,9.062991028319598,9.440955501328828,6.353856509713334,6.76105663645394,4.068618814162425,4.3982070352024705,2.5829877408339534,2.8076791493706796,-3.7899999999999987,9882757.490846459,22.885411148770917,9.563603314484585,5.883370444382855,185.11105638623692,20.68722876581904,17.19295166141627,0.0,0.0,5.907179729351506,12.207413029781547,9.77851570501903,4.794537184071822,13.171245143024459,0.0,11.600939890232516,48.53093654769288,30.685655172119,10.586084805438322,27.497182464968155,34.914006681289216,0.0,10.30076712495354,0.0,6.176298517443475,17.68124919068985,77.07415998805436,0.0,11.49902366656781,20.68722876581904,29.340554876463408,11.49902366656781,11.600939890232516,23.969944745313974,6.176298517443475,0.0,16.051916670617278,60.794147187767564,5.022633313741326,0.0,0.0,92.35,22.793497835219867,22.760319511168106,0.0,17.288493998883528,17.186409941251373,12.13273413692322,25.377249691213486,30.33183534230805,0.0,20.9343443329662,16.337802844032566,44.47480425652903,5.5680146154364545,27.704457020430112,6.826069682816982,-0.5468369560238568,0.4600431322299272,11.597059144995193,-3.210188320537026,0.0,1.4876885352342903,0.09523809523809523,32,3,7,0,0,0,2,1,3,4,3,11,5,0,0,0,3,5.549700000000002,113.23860000000003,0,0,0,0,0,1,0,0,0,0,2,2,0,0,0,1,3,0,0,0,0,0,0,0,0,3,0,3,0,2,0,0,0,0,2,0,0,0,0,0,0,1,0,0,4,0,0,0,0,0,0,0,0,0,0,0,0,0,0,0,0,0,0,0,0,0,0,0,0,0,0,0,0,1,0,0,0,0,0,0,0,0,0,0,1
ERLOTINIB,5.857396779890918,5.857396779890918,0.392174356427603,0.392174356427603,0.4178840975839869,393.4430000000002,370.2590000000002,393.16885621599994,150,0,0.16299509364145157,-0.48726952039143223,0.48726952039143223,0.16299509364145157,0.9310344827586207,1.6551724137931034,2.3448275862068964,16.547436843280458,10.152772629222403,2.127142309447516,-2.149806213511913,2.3466494563658085,-2.086460806891239,5.9263463837769175,0.13221198602191725,2.7455759043014254,1.9569167353908141,1001.0042022970772,20.476480726871785,16.474649631118567,16.474649631118567,14.245044700517589,9.107799662785103,9.107799662785103,6.071032106686076,6.071032106686076,4.082844815672015,4.082844815672015,2.682613459431351,2.682613459431351,-3.34,4235838.812669483,20.395692002202136,10.271588954277956,5.347720173143325,169.53226322785696,24.264240419206526,25.35894678162541,11.49902366656781,0.0,0.0,0.0,0.0,9.967957041894417,0.0,6.423349895620259,11.986801387317254,24.26546827384644,36.92302413186203,18.730464646642098,18.947451815200196,22.408173984599646,0.0,9.967957041894417,0.0,0.0,45.96391154461307,48.288973977231194,0.0,23.842807881043715,14.790514511606428,11.50524905251859,11.49902366656781,0.0,50.61507998250116,9.473725907600098,12.343784214475903,5.563451491696996,42.7255224855342,0.0,10.902924932081056,0.0,74.73,0.0,0.0,0.0,0.0,43.74441430245451,22.153762698461613,6.3273200747645415,14.219595082555067,36.39820241076966,21.205179964756393,25.370801710820455,21.80177119107172,0.0,8.754103465077492,4.096557301741735,2.3431613389549897,4.443107152704465,11.258046272519541,6.9941913606362345,1.7256948446942133,3.2500337392662777,0.2727272727272727,29,1,7,0,0,0,2,1,3,7,1,7,10,0,0,0,3,3.405100000000002,111.93970000000004,0,0,0,0,0,2,0,0,0,0,0,0,0,0,0,2,1,0,0,0,0,0,0,0,0,0,0,0,0,2,0,0,0,0,2,0,1,0,0,0,0,4,0,0,0,0,0,0,0,0,0,0,0,0,0,2,0,0,0,0,0,0,0,0,0,0,0,0,0,0,0,0,0,0,0,0,0,0,1,0,0,0,0,2,0
AZD1775,13.181203874242083,13.181203874242083,0.24218418332006086,-1.1383826488870756,0.37351787019809934,500.6070000000003,468.35100000000034,500.26482226400003,192,0,0.2780221867196085,-0.3841413089660012,0.3841413089660012,0.2780221867196085,1.0810810810810811,1.8108108108108107,2.4864864864864864,16.28229556044592,10.052517932017006,2.216374266988536,-2.336405417046019,2.233567344943606,-2.4398079206687795,5.7673948787444695,0.07376452852542122,3.1540630319860554,1.4975485220918543,1475.3063340990172,26.15612529163336,21.42475016428944,21.42475016428944,17.74053330630734,12.347299294487778,12.347299294487778,9.820872767674631,9.820872767674631,6.547659389897677,6.547659389897677,4.43990239227844,4.43990239227844,-4.02,241184185.4197905,24.66458181684164,9.794347261520059,4.979011598970955,215.0476193986597,20.223135460547994,10.987275025448483,11.465039998602755,5.948339280986494,5.559266895052007,0.0,4.794537184071822,19.331562912184786,4.9839785209472085,6.578935683598497,12.142387175295491,57.29334879282809,43.7506417446305,12.238684400761036,5.106527394840706,28.35651326558614,0.0,29.215451163982472,0.0,25.99328161627751,43.4433959411843,77.36410091524903,0.0,5.817862777835028,15.775965229908817,17.323111830353618,0.0,0.0,67.54867616515067,12.145807216896262,0.0,19.54140239422971,66.11090602534854,0.0,16.85126421306755,0.0,104.33999999999999,5.601050810983688,9.901064578912528,0.0,12.104023300964581,28.49353148890251,31.866411898333865,16.566032781441823,42.80439864674514,12.13273413692322,50.84390691080061,4.9839785209472085,3.1620780280490015,0.0,31.601287188464937,14.099735554206662,1.548159684407397,0.8312475482964197,13.51975479705862,3.1732618383033246,11.502504045779315,2.1453046487676537,0.3333333333333333,37,2,10,0,1,1,1,3,4,10,2,10,7,0,1,1,5,2.8860000000000015,145.79649999999987,0,1,0,0,0,5,0,0,0,0,0,0,0,0,0,7,1,0,0,1,0,0,0,0,0,0,1,0,0,3,0,0,0,0,1,0,1,0,0,0,0,0,0,0,0,0,0,0,0,0,0,0,0,0,0,0,0,0,0,0,0,0,0,0,0,0,0,0,0,0,1,0,0,1,0,0,0,0,0,0,0,0,0,0,0
TEMOZOLOMIDE,11.395483749055177,11.395483749055177,0.06000000000000005,-0.740691609977324,0.560119173881169,194.15399999999997,188.106,194.055223432,72,0,0.35219496446941617,-0.36413474951825103,0.36413474951825103,0.35219496446941617,1.5714285714285714,2.2857142857142856,2.9285714285714284,16.15311103969087,10.42828921891001,2.131140988863066,-1.9455415117637267,1.9954558995151557,-2.271716191878146,5.959850310467225,0.09971301551258908,2.5508633822312086,2.9063248475824177,567.1956839082804,10.292528739883947,7.207265096806768,7.207265096806768,6.609060905280622,3.678568788802852,3.678568788802852,2.6466598556297707,2.6466598556297707,1.7322107424620343,1.7322107424620343,1.0549410543617221,1.0549410543617221,-2.25,2040.690705784967,8.352845059592465,2.6198926454093896,0.969381543705868,76.96785318779364,5.733667477162185,6.3273200747645415,11.341105215616189,0.0,5.907179729351506,5.689743398203474,4.794537184071822,14.179210311280823,4.681802935145185,5.098681808301038,5.213385095654868,0.0,7.04767198267719,0.0,4.794537184071822,11.554356950119233,0.0,24.378542966310093,12.781339459839375,0.0,0.0,22.5055286518883,0.0,0.0,11.423410875365658,0.0,0.0,0.0,30.285722695661597,7.04767198267719,0.0,10.488465178920283,11.121857258836364,0.0,5.647177220767728,0.0,108.17,11.59692312755498,9.589074368143644,0.0,11.341105215616189,0.0,9.082497541406978,13.37499205744173,0.0,0.0,15.296045424903113,5.733667477162185,2.131494708994709,0.0,25.90685326908541,7.143055555555556,4.595841836734695,-0.740691609977324,0.0,1.1869444444444444,0.0,1.443168461829176,0.16666666666666666,14,2,8,0,0,0,0,2,2,7,1,8,1,0,0,0,2,-2.0781,44.5409,0,0,0,0,0,5,0,0,0,0,1,1,0,0,0,5,0,1,0,0,0,0,0,0,0,0,0,1,0,0,1,0,0,0,0,0,1,0,0,0,0,0,0,0,0,0,0,1,0,0,0,0,0,0,0,0,0,0,0,0,0,0,0,0,0,0,0,0,0,0,0,1,0,0,0,0,0,0,0,0,0,0,0,0,0
SN-38,13.224197583354329,13.224197583354329,0.11033686474794013,-1.8320326769941215,0.5079598280970855,392.41100000000006,372.25100000000015,392.13722174,148,0,0.3426763382231193,-0.5079413734197455,0.5079413734197455,0.3426763382231193,1.206896551724138,2.0,2.7241379310344827,16.551334004129384,9.856925234244828,2.4503879388561574,-2.312577770660634,2.401168807719423,-2.439223922930286,5.894283897270332,-0.17183759390263612,3.079164301451204,1.8378360528605544,1276.6583729672354,20.499271042140986,16.151427454896115,16.151427454896115,13.884395805755098,9.70272738845572,9.70272738845572,7.57558656203537,7.57558656203537,6.1428425788785725,6.1428425788785725,4.5535672501959485,4.5535672501959485,-3.19,5499159.584233543,17.87794434752313,5.903749744219742,2.2460754530401563,165.7523608478854,19.517017391272816,12.356393797796823,5.601050810983688,0.0,5.559266895052007,5.969305287951849,4.794537184071822,9.77851570501903,0.0,0.0,13.847474399381248,42.67056301139545,16.513127197858786,29.012764604922758,19.74445492755328,16.872230220032908,0.0,9.551078168738563,0.0,45.44180682664245,0.0,56.87307831975825,0.0,17.137367822980828,5.559266895052007,0.0,5.749511833283905,0.0,25.733438246371826,34.704910942207064,0.0,42.52210198909523,29.060005457918262,0.0,22.29078092177798,0.0,101.65,11.570356098935537,19.802129157825057,0.0,24.336482315774838,35.4803370019295,22.02982791547505,0.0,35.75630512132842,6.923737199690624,0.0,9.720841474747257,6.732585004948821,0.0,30.23867898097481,21.711087674311514,2.46656452423205,-0.5629382192883268,6.7466929647649785,0.8263631911735722,3.9242992122159137,0.0,0.3181818181818182,29,2,7,0,2,2,1,2,3,7,2,7,2,0,0,0,5,2.3476000000000004,105.56760000000001,0,1,0,0,0,2,0,1,0,0,1,1,0,0,0,2,0,0,0,0,0,0,0,0,0,0,0,0,0,0,1,0,0,0,1,0,5,0,0,0,1,1,0,0,0,0,0,0,0,0,0,0,0,0,1,0,0,0,0,0,0,0,0,0,0,1,1,0,0,0,0,0,0,2,0,0,0,0,0,0,0,0,0,0,0
MK-2206,12.02243652495595,12.02243652495595,0.18410484647162884,-0.2596902551107374,0.4680681321504015,407.4770000000001,386.30900000000014,407.17461029200007,152,0,0.34722511707474846,-0.32139828854087343,0.34722511707474846,0.32139828854087343,0.967741935483871,1.7419354838709677,2.4516129032258065,16.14835315061433,9.724449838080584,2.336558778092247,-2.382613084444927,2.398748698596155,-2.426649517186269,5.976381131698157,0.2534394826662821,3.182313349912265,1.586197899210393,1478.2307639979133,21.001424753254113,16.87676291998852,16.87676291998852,15.121941584798403,10.481155281946977,10.481155281946977,8.308513069777103,8.308513069777103,6.442642630790135,6.442642630790135,4.476000776751793,4.476000776751793,-3.7699999999999996,22021302.879311282,18.035309996054,6.617690246209264,2.794770804499503,177.9281640709305,5.733667477162185,0.0,5.647177220767728,0.0,0.0,5.689743398203474,0.0,19.27789211958186,5.098681808301038,0.0,54.59730361615449,42.52210198909524,28.24889602185521,11.210628712464722,0.0,16.550102152848783,0.0,19.582036743811077,5.733667477162185,24.801390121161372,0.0,88.97461339866311,0.0,22.384282469939446,11.423410875365658,0.0,0.0,0.0,19.582036743811077,5.538925252383345,0.0,24.825916360475023,77.72141850876262,0.0,38.93438462278824,0.0,89.07000000000001,0.0,4.794537184071822,0.0,11.228668650586819,5.647177220767728,46.12885064787252,16.3849677208848,6.196843571613076,24.26546827384644,52.66193309583335,10.717645998109393,1.5065152036330858,0.0,17.029102246800242,7.562115473374249,12.598648783685466,0.0,22.583912809809775,4.9697054826971785,0.0,0.0,0.16,31,3,6,1,0,1,2,3,5,5,2,6,3,1,0,1,6,4.242700000000003,121.70210000000002,0,0,0,0,0,4,1,0,0,0,0,0,0,0,0,3,1,1,0,0,0,1,0,0,0,0,0,0,0,0,0,0,0,0,2,0,3,0,0,0,0,0,0,0,0,0,0,0,0,0,0,0,0,0,0,0,0,0,0,0,0,0,0,0,0,0,0,0,0,0,0,0,0,2,0,0,0,0,0,0,0,0,0,0,0
MK-4827,11.547429920399034,11.547429920399034,0.45278109461301264,-0.45278109461301264,0.7788736009496424,320.3960000000001,300.236,320.16371126,122,0,0.25048380402504367,-0.3655297459193414,0.3655297459193414,0.25048380402504367,1.2083333333333333,2.0416666666666665,2.75,16.14636970121493,9.915279573895361,2.152080987380644,-2.227345717082339,2.247352584251667,-2.277953506506389,6.0415504991323745,0.10014195088739208,3.0635434432282955,1.670030225264764,876.0231087298565,16.518297090128677,13.404605298106231,13.404605298106231,11.720346690612278,8.314549537279975,8.314549537279975,6.316135188924886,6.316135188924886,4.727706531689728,4.727706531689728,3.41215603618373,3.41215603618373,-2.6599999999999997,618002.4917155576,14.902363909258659,6.091591860971229,2.672125442135335,140.012491827772,11.050456081168516,5.516700717616262,0.0,0.0,5.907179729351506,0.0,4.794537184071822,4.681802935145185,5.098681808301038,0.0,24.26546827384644,49.06685839500781,18.12782419199045,11.250837766380558,4.794537184071822,16.81010466143256,0.0,15.097273347452553,5.733667477162185,18.75954929201341,13.08951281182515,59.788316034238335,0.0,5.687386274683562,11.050456081168516,0.0,0.0,0.0,28.777177284622876,0.0,0.0,34.68098945947922,48.661413050844345,0.0,16.590311206764618,0.0,72.94,5.907179729351506,4.794537184071822,0.0,0.0,16.998058255474653,24.16312330097351,18.405094737549014,10.748170003606795,18.329577708536295,34.68093868615381,5.733667477162185,1.8055624842529605,0.0,11.547429920399034,8.911801746678918,8.877160686277715,0.13606884052480084,13.99042264329026,4.394618974231688,2.170268037677954,0.0,0.2631578947368421,24,3,5,0,1,1,2,1,3,4,2,5,3,0,1,1,4,2.5914,94.43260000000005,0,0,0,0,0,2,0,0,0,0,1,1,0,0,0,2,1,1,0,0,0,0,0,0,0,0,0,1,0,0,0,0,0,0,2,0,1,0,0,0,0,0,0,0,0,0,0,0,0,0,0,0,0,0,0,0,0,0,0,0,0,0,0,0,0,0,0,0,0,1,0,1,0,0,0,0,0,0,0,0,0,0,0,0,0
MK-5108,14.1287906249832,14.1287906249832,0.00509838577602495,-0.9310091271590943,0.46851339674462594,461.9460000000001,440.7780000000002,461.097618432,162,0,0.3095320420764141,-0.48730298235856717,0.48730298235856717,0.3095320420764141,1.2903225806451613,2.064516129032258,2.774193548387097,35.49569260758138,9.699819379328934,2.4274291587092494,-2.364105626585833,2.409227868240756,-2.399382017637298,7.132060043020399,-0.15175779651659407,3.259087813998543,1.4337766806179824,1055.9145077374674,21.84672421487486,16.55400093254929,18.12642645949547,14.949127406757752,9.916444858589871,11.174062142853995,7.60784508082309,8.909611326002107,5.546802707628748,6.527241155848973,3.871680175257249,4.57337615017769,-2.71,13945519.428938461,21.519337282410824,9.195599892276855,4.965217686003324,187.62692142073575,15.160178952647085,5.817862777835028,16.698291154169134,0.0,0.0,5.969305287951849,4.794537184071822,14.358372089569237,0.0,11.336785877934737,23.733674027155736,49.948754765550476,23.691655959853463,16.54159017088641,19.028342580387395,39.85645231379346,0.0,9.967957041894417,5.41499046939678,38.20807450237835,5.316788604006331,64.50889090248432,0.0,5.749511833283905,10.05365155780638,15.33983630534918,5.749511833283905,22.937725768167255,27.147756112435275,11.21535880699783,11.232211310442676,31.3772144865525,47.975108752848655,5.022633313741326,0.0,0.0,84.34,17.201516598394527,14.291479626587348,0.0,16.876111534773536,43.615898887313534,5.131558479839333,23.469520014857956,12.263210640074686,23.579163975850747,15.284745645900749,16.337802844032566,19.91304335067518,7.278833818228739,20.9670647773684,15.736393761292604,-0.23266641761328222,-0.7107883299347724,10.132913937525377,3.6096495469022,0.0,0.0,0.3181818181818182,31,2,6,1,0,1,1,2,3,6,2,9,7,1,0,1,4,5.709300000000004,117.70050000000006,1,0,0,0,0,2,0,0,1,1,1,0,0,0,0,2,1,0,0,0,0,0,0,0,0,0,0,0,0,2,0,0,0,0,1,0,0,0,0,0,0,1,0,0,2,0,0,0,0,0,0,0,0,0,0,0,0,0,0,0,0,0,0,0,0,0,0,0,0,0,0,0,0,1,0,0,0,0,0,0,1,0,0,0,0
BEZ-235,13.407465839626127,13.407465839626127,0.1487330871155721,-0.6094675124162521,0.3236299364019045,469.54800000000023,446.3640000000003,469.19026035600007,174,0,0.33302647294881815,-0.2931592366657142,0.33302647294881815,0.2931592366657142,0.8611111111111112,1.6111111111111112,2.388888888888889,16.14939602331927,9.862436541537235,2.20835910066809,-2.159260131024208,2.3100439289574553,-2.2085302113221568,6.044703373956951,0.686286828843581,3.177706822516373,1.5920983929372514,1903.202178983859,25.026368779636442,20.22722003661842,20.22722003661842,17.36934182550903,11.748041786553427,11.748041786553427,9.601347129534647,9.601347129534647,6.9339053584279755,6.9339053584279755,4.736960261960973,4.736960261960973,-4.759999999999999,234470212.05205664,21.751951230209205,7.89109502524953,3.286018746240337,207.25744481737058,0.0,0.0,0.0,0.0,0.0,5.689743398203474,19.102156337477126,4.794537184071822,5.261891554738487,0.0,36.39820241076966,61.372579793544894,29.580415474916855,45.43524449895074,0.0,32.83925129939463,5.261891554738487,19.102156337477126,7.04767198267719,19.26246486877803,0.0,101.2378240387378,0.0,22.883510570869827,5.689743398203474,0.0,0.0,0.0,19.102156337477126,12.46266245207397,11.33111286753076,19.410925891078243,89.98462914883731,0.0,49.65354055747219,0.0,76.5,5.41499046939678,10.056428738810308,0.0,5.689743398203474,0.0,55.216992049169185,0.0,22.378714849872978,74.6416215871488,34.23627956007152,0.0,3.3512672298857815,0.0,22.66369244876406,11.458421955250955,6.203156397122759,0.0,26.247442991556234,3.629753842910131,3.76675618446542,1.7628422833779975,0.13333333333333333,36,0,6,0,0,0,3,3,6,6,0,6,3,0,0,0,6,5.893780000000006,143.19299999999984,0,0,0,0,0,4,0,0,0,0,0,0,0,0,0,5,0,0,0,0,0,0,0,0,0,0,0,0,0,0,1,0,0,0,3,0,4,0,0,0,0,0,0,0,0,0,0,1,0,0,0,0,0,0,0,0,0,1,0,0,0,0,0,0,1,0,0,0,0,0,0,0,0,2,0,0,0,0,0,0,0,0,0,0,0
L778123,12.673664929884508,12.673664929884508,0.0,0.0,0.6043082500246538,442.3500000000001,421.18200000000013,441.11231565200006,154,0,0.24071454451709476,-0.32892219682421964,0.32892219682421964,0.24071454451709476,1.1,1.9,2.6,35.49571744140577,10.136339349786795,2.253901764968135,-2.340037197268211,2.217709548520941,-2.497901700555274,6.304838930295377,-0.12097205252535954,3.1497080245014932,2.55999613833935e-06,1057.8898949756756,20.21696770287794,16.23956562926574,17.811991156211924,14.1185248383792,9.385338788528605,9.763303261537832,7.05750895754358,7.493944738015565,5.039709983092758,5.2748070858804965,3.506555647060759,3.691084026288388,-2.849999999999999,6019066.8371581575,21.84922827746706,9.768052674549592,5.002364546005634,186.26326366877848,9.467009378641833,0.0,0.0,5.907179729351506,0.0,0.0,9.694446914922299,4.9839785209472085,5.261891554738487,12.407033161179976,29.800041095617345,35.89528683400505,43.08588878368826,30.198677280014845,4.794537184071822,35.60253905544756,5.261891554738487,14.450987899589041,0.0,13.08951281182515,24.534178948588202,82.8985644860543,0.0,6.069221312792274,4.899909730850478,5.687386274683562,0.0,24.007973051412492,39.992436846678274,17.884049995896973,11.33111286753076,16.82083097824245,61.0551001940705,5.022633313741326,0.0,0.0,65.16,0.0,4.794537184071822,0.0,18.314212890531483,36.76511042908862,23.489522167141594,0.0,17.29359687407663,48.661413050844345,20.520209212381314,16.862831444971,2.078571791664324,6.062155471762578,20.879107462628802,9.558826841552571,3.6455245548378645,0.06636504221821671,17.07481412592424,3.647862080183058,3.0978837403394555,0.0,0.22727272727272727,30,0,6,0,1,1,2,1,3,5,0,8,5,0,1,1,4,3.727080000000002,118.81600000000002,0,0,0,0,0,2,0,0,0,0,1,1,0,0,0,5,0,0,0,0,0,0,0,0,0,0,0,1,0,1,0,0,0,0,2,0,0,0,0,0,0,0,0,0,2,0,0,1,0,0,0,0,0,0,0,0,0,1,0,0,0,0,0,0,0,0,0,0,0,0,1,0,0,0,0,0,0,0,0,0,0,0,0,0,0
VINORELBINE,15.171731877595493,15.171731877595493,0.028414340660253945,-2.274489712069944,0.19568989046031227,778.9470000000002,724.5150000000003,778.3941646880003,302,0,0.3436112263225902,-0.4963433573515331,0.4963433573515331,0.3436112263225902,1.0,1.7719298245614035,2.473684210526316,16.57691790068936,9.473343544043486,2.8012290554525063,-2.630559975305664,2.6797455066639078,-2.809862831282643,5.946731439624401,-0.2281284374857114,3.8653005140500163,1.369708939040874,2247.9699696105645,40.233111081893476,34.01610694539093,34.01610694539093,27.38479922306014,20.349677277307418,20.349677277307418,17.17895814108686,17.17895814108686,14.759818858047547,14.759818858047547,12.844766613572085,12.844766613572085,-4.65,7495124316908.953,37.90033363100775,13.188750570201027,4.80371045684897,333.2908168200263,33.937867461838586,11.164502302680685,6.103966387748303,5.601050810983688,0.0,17.90791586385555,19.388893829844598,4.794537184071822,0.0,0.0,55.84774045533699,61.4055860640952,90.93631433573132,27.37123345298056,38.43759076225636,34.49822707062016,0.0,14.783797982648164,11.332896515558172,87.61793429250996,59.45599996101056,82.58364973128002,0.0,5.749511833283905,9.636772684650527,5.687386274683562,5.749511833283905,0.0,116.14303032853242,45.968937758321744,11.332896515558172,68.83878056071535,60.19936726134057,0.0,10.902924932081056,0.0,133.87,45.93044001197398,14.69560176298435,4.794537184071822,17.929052163261204,50.20969741149665,52.92147661975823,26.716436812314956,7.109797541277533,37.070420118603124,58.13469670822526,18.947451815200196,23.885237508424268,0.0,53.11960515592329,14.351386813894862,1.0481408140075348,-1.310855614738467,11.152486641183152,7.671910806206719,9.191192043557756,6.224229164874215,0.5333333333333333,57,2,12,1,5,6,2,1,3,11,2,12,7,1,1,2,9,4.753600000000004,214.07749999999942,0,1,0,0,0,1,1,0,0,0,3,3,0,0,0,3,1,0,0,1,0,1,0,0,0,0,0,0,0,1,0,0,0,0,2,0,6,0,0,0,3,4,0,0,0,0,0,0,0,0,0,0,0,0,0,3,0,0,0,0,0,0,0,0,1,0,0,0,0,0,0,0,0,0,0,0,0,0,0,0,0,0,0,0,0
CARBOPLATIN,10.364166666666666,10.364166666666666,0.0,-1.4444444444444446,0.7132241134490931,371.25,359.154,371.044497964,80,0,2.0,-0.6925150997440886,2.0,0.6925150997440886,1.0,1.3076923076923077,1.3076923076923077,,,,,,,,,1.5667351809000072,-3.3333331266666795e-07,177.07327308821522,7.776020881938894,6.803172419883375,9.075380474975494,4.593858127134676,3.0625686671503685,3.0625686671503685,2.5459653005967877,2.5459653005967877,2.0258751532891535,2.0258751532891535,1.0495379086639178,1.0495379086639178,-0.4516883116883117,98.70431639670045,18.355622472186287,6.070985719035729,2.7552002021306286,90.12923097043742,22.514147490317487,0.0,5.41499046939678,0.0,0.0,33.00387763727482,9.589074368143644,0.0,0.0,0.0,0.0,19.26246486877803,0.0,0.0,40.86739621919618,11.938610575903699,0.0,0.0,5.41499046939678,19.26246486877803,0.0,12.301092700636076,0.0,0.0,0.0,0.0,0.0,0.0,22.15166536558511,30.654341429514766,5.41499046939678,19.26246486877803,0.0,0.0,12.301092700636076,0.0,141.6,17.35360104530048,9.589074368143644,0.0,46.20800300785922,6.4208216229260096,0.0,0.0,0.0,0.0,0.0,10.213054789681411,0.0,0.0,20.72833333333333,16.946666666666665,-1.4444444444444446,-2.405092592592592,0.0,1.25787037037037,0.0,0.0,0.6666666666666666,13,6,6,1,0,1,0,0,0,2,2,7,2,1,0,1,1,1.7575999999999996,42.124399999999994,2,0,0,0,0,0,0,0,2,2,2,0,0,0,0,0,0,2,0,0,0,0,0,0,0,0,0,0,0,0,0,0,0,0,0,0,0,0,0,0,0,0,0,0,0,0,0,0,0,0,0,0,0,0,0,0,0,0,0,0,0,0,0,0,0,0,0,0,0,0,0,0,0,0,0,0,0,0,0,0,0,0,0,0,0
SUNITINIB,13.650463200837027,13.650463200837027,0.14317205740320782,-0.4038820656466202,0.6263032743124629,398.48200000000014,371.2660000000001,398.211804324,154,0,0.25594410511526855,-0.358205853309144,0.358205853309144,0.25594410511526855,1.2413793103448276,1.9655172413793103,2.6551724137931036,19.142146705233255,10.034318048468371,2.2567643624567615,-2.175697386093174,2.3393343847896224,-2.346442375119654,6.344824303174941,-0.11033089447548093,3.1428009378032566,1.8335121708816984,973.43215139086,21.12902755413791,17.279502850941604,17.279502850941604,13.849774308148643,9.879064918887572,9.879064918887572,7.14850127200415,7.14850127200415,5.36453933215763,5.36453933215763,3.662778780949872,3.662778780949872,-2.9299999999999993,3245583.0996731743,20.79528485900116,8.611069784767098,4.244127387772851,169.7296665740543,20.517465459810346,5.817220841045895,0.0,0.0,11.814359458703011,0.0,9.589074368143644,4.39041504767482,0.0,0.0,13.847474399381248,56.77556001512211,35.72820656790263,11.136556021766264,13.979489415818463,29.15087037028972,0.0,15.200676855804016,0.0,27.694948798762496,31.49581422765663,52.09453251121863,0.0,0.0,10.633577208012662,10.077801322358383,0.0,0.0,47.877273334151006,4.794537184071822,19.664695240427143,46.72022204824098,18.19910120538483,0.0,11.64912463690315,0.0,77.23,5.817220841045895,13.979489415818463,0.0,11.814359458703011,34.626078188907854,30.89164870428318,12.13273413692322,12.142387175295491,13.847474399381248,34.364939859191594,0.0,13.650463200837027,0.0,30.47464616021191,5.704781496841589,4.204299098794467,-0.8364270658224613,4.197185704241461,1.6762110260770975,11.095507045485572,0.0,0.36363636363636365,29,3,6,0,1,1,1,1,2,3,3,7,7,0,0,0,3,3.3349400000000022,113.28860000000005,0,0,0,0,0,1,1,0,0,0,2,2,0,0,0,1,3,0,0,1,0,1,0,0,0,0,0,2,0,1,1,0,0,0,1,0,1,0,0,0,0,0,0,0,1,0,0,0,0,0,0,0,0,0,0,0,0,0,0,0,0,0,0,0,0,0,0,0,0,0,0,0,0,0,0,0,0,0,0,0,0,0,0,0,0
METFORMIN,7.0522222222222215,7.0522222222222215,0.05092592592592626,-0.0891666666666664,0.2818737771329878,129.167,118.07900000000001,129.10144535199998,52,0,0.21997431940482037,-0.36975230108605195,0.36975230108605195,0.21997431940482037,1.4444444444444444,1.8888888888888888,2.0,15.227026766296792,10.796321574374486,1.9270453530367437,-2.0692036599713286,1.7750960940957887,-2.279635386161406,5.909021936199945,0.6094652636415889,1.634374150092862,3.927830970185914,131.89342114105554,7.439157588755425,5.549127729379168,5.549127729379168,4.036581260209188,2.392597853439479,2.392597853439479,1.7547029440387123,1.7547029440387123,0.6586079420610542,0.6586079420610542,0.22228474935575288,0.22228474935575288,-1.26,60.47184355343589,7.739999999999999,2.9071056558917943,3.33347181008902,53.85436592037309,16.36724468517485,0.0,5.959554568743835,5.959554568743835,0.0,0.0,5.409283605791522,0.0,4.992404732635669,0.0,0.0,0.0,14.09534396535438,0.0,0.0,11.91910913748767,5.409283605791522,4.899909730850478,16.459739686960038,0.0,14.09534396535438,0.0,0.0,0.0,11.46733495432437,0.0,0.0,0.0,30.91436283369253,0.0,5.409283605791522,0.0,4.992404732635669,0.0,0.0,0.0,91.49,0.0,0.0,0.0,11.91910913748767,0.0,0.0,4.899909730850478,14.09534396535438,0.0,4.992404732635669,16.876618560115894,0.0,0.0,4.958055555555555,7.0522222222222215,9.982777777777777,-0.03824074074074013,0.0,0.0,0.0,3.3785185185185185,0.5,9,5,5,0,0,0,0,0,0,1,3,5,0,0,0,0,0,-1.243829999999999,37.22349999999998,0,0,0,0,0,0,0,0,0,0,0,0,0,0,1,2,1,2,0,0,0,0,0,0,0,0,0,0,0,0,0,0,0,0,0,0,0,0,0,0,0,0,0,2,0,0,0,0,0,0,0,0,0,0,0,0,0,0,0,0,0,0,0,0,0,0,0,0,0,0,0,0,0,0,0,0,0,0,0,0,0,0,0,0,0
MK-8669,14.484260020097292,14.484260020097292,0.011682223428360672,-2.7897342026409264,0.1035033946599854,990.2220000000001,905.55,989.5629429980002,390,0,0.32866280530969866,-0.4600915621870062,0.4600915621870062,0.32866280530969866,0.855072463768116,1.565217391304348,2.217391304347826,31.177451768476804,9.78121458376748,2.5292925759698877,-2.4246768984982148,2.445153402552945,-2.6052127756014354,7.56842103519893,-0.26534465440522303,3.2997882344179406,1.7034566240339288,1940.3953273371296,51.379375451835436,43.42722740678381,44.32165459778372,32.434034735925245,25.161099168458147,27.680250293798206,20.919281106707984,23.63419149356623,14.842501487102268,15.62099212743046,10.546082064541364,11.439371122187751,-3.1400000000000006,226227587393282.56,58.43076580726455,26.52477137690343,16.178946648172918,411.1479574436751,43.32102645124395,30.13698493875781,13.152072476808538,5.7871111525705965,11.690424675716445,5.969305287951849,23.743197021218617,4.794537184071822,0.0,0.0,71.0748066394564,106.95561782726406,71.79916162254644,24.41586555099321,66.95885092568392,36.59504738684177,0.0,4.899909730850478,35.507436276968356,180.07273656890325,41.20380023821025,47.60232970114182,0.0,0.0,0.0,0.0,0.0,7.368827530443599,140.099701311097,56.745796136002504,35.507436276968356,125.51601987294649,47.60232970114182,0.0,0.0,0.0,201.49999999999994,85.13105955305615,38.75078899497185,0.0,60.91454045847525,63.36049913640336,11.993926152995277,12.009707272128011,54.39647799692588,58.0750493329319,0.0,28.208061930712063,48.20753978167581,0.0,72.22095813956372,23.466101217567218,1.2547395523026745,-8.109954608894249,-1.156724342249338,11.363827416310981,15.88362577434588,1.7587759582661815,0.7547169811320755,69,2,15,1,3,4,0,0,0,14,2,16,8,1,2,3,4,7.742600000000009,263.4580999999992,0,2,1,0,0,0,0,0,0,0,5,5,0,0,0,1,0,0,0,0,0,0,0,0,0,0,6,1,0,0,0,0,0,0,0,0,3,0,0,0,1,5,0,0,0,0,0,0,0,0,0,3,3,0,1,3,0,0,0,0,0,0,0,0,0,0,0,0,0,1,0,0,0,0,0,0,0,0,0,0,0,0,0,0,0
TOPOTECAN,13.230322622136292,13.230322622136292,0.10407248276240377,-1.840669676259954,0.4865420212105027,421.45300000000015,398.2690000000002,421.163770836,160,0,0.3426763382231084,-0.5075981774496873,0.5075981774496873,0.3426763382231084,1.2580645161290323,2.032258064516129,2.7419354838709675,16.551342973009962,9.85755114768907,2.4492332863920856,-2.3125994664853837,2.3921052524885367,-2.4391789900119614,5.888935601645961,-0.1718378691890171,3.0967545147230604,1.7487721103238782,1327.2620932534417,22.076621311330612,17.598641050396076,17.598641050396076,14.740237853411664,10.206275564285928,10.206275564285928,8.466876053848997,8.466876053848997,6.252546686244549,6.252546686244549,4.582035556834458,4.582035556834458,-3.2299999999999995,12269942.157708623,19.71687996398413,6.633166188512516,2.715664946185649,177.87713663248533,24.41692712212329,12.356393797796823,5.601050810983688,0.0,5.559266895052007,5.969305287951849,4.794537184071822,9.77851570501903,0.0,0.0,6.923737199690624,44.781633862126824,28.621335095468357,29.012764604922758,19.74445492755328,16.872230220032904,0.0,14.450987899589041,0.0,38.64200440993839,14.09534396535438,56.87307831975825,0.0,17.137367822980828,5.559266895052007,0.0,5.749511833283905,0.0,44.72869194257668,34.828845725193624,0.0,35.59836478940461,29.060005457918262,0.0,22.29078092177798,0.0,104.89000000000001,11.570356098935537,19.802129157825057,0.0,24.336482315774838,41.120972502532325,16.513127197858786,0.0,29.689938052866808,25.06162076466647,0.0,9.720841474747257,6.71434572605915,0.0,32.276591198126745,22.179838863482907,2.029759113675061,-0.5323085655346447,7.047719155735705,0.10407248276240377,2.4076915158264707,3.8556238431995316,0.34782608695652173,31,2,8,0,2,2,1,2,3,8,2,8,3,0,0,0,5,1.8467999999999996,113.58060000000005,0,1,0,0,0,2,0,1,0,0,1,1,0,0,0,3,0,0,0,0,0,0,0,0,0,0,0,0,0,0,0,0,0,0,1,0,5,0,0,0,1,1,0,0,0,0,0,0,0,0,0,0,0,0,1,0,0,0,0,0,0,0,0,0,0,1,1,0,0,0,0,0,0,2,0,0,0,0,0,0,0,0,0,0,0
CYCLOPHOSPHAMIDE,12.18854938271605,12.18854938271605,0.4225385802469137,-2.842183641975309,0.605720669080109,261.08899999999994,245.969,260.02481971000003,84,0,0.3429836890948602,-0.30596634526037897,0.3429836890948602,0.30596634526037897,1.3571428571428572,2.0,2.4285714285714284,35.4967533905398,10.472554868912827,2.3228825756467324,-2.32528888405542,2.4748760484972085,-2.354185033003122,7.539263117101784,0.23264802636229634,2.186110700925019,2.5822640284816725,201.8664756744443,10.441311299868556,7.91660018625193,10.322885269288756,6.726492059082182,4.597961710466701,7.2445170169565785,2.9469275437115803,5.883786772984461,1.956624335279722,4.595188948617404,1.2783103907847326,3.920544174917886,0.69,1442.8330626105126,12.758073519400952,6.311144001092418,3.36838444118429,94.44153500749827,4.5237471617118175,0.0,0.0,0.0,0.0,7.670279738874966,4.565048284931329,9.757711252998451,0.0,23.20187978046503,0.0,6.4208216229260096,31.394276107678404,6.606881964512918,9.088795446643147,30.872159519339995,0.0,9.757711252998451,0.0,6.4208216229260096,38.00115807219132,0.0,0.0,0.0,5.0872950630771525,0.0,0.0,30.872159519339995,42.67157426211262,9.088795446643147,0.0,6.4208216229260096,0.0,0.0,0.0,0.0,41.57,7.670279738874966,4.565048284931329,0.0,0.0,31.456401666278747,12.965578028838586,0.0,4.6704161899212995,0.0,5.0872950630771525,27.725626942176852,19.17487654320988,11.248020754598134,0.0,2.9071604938271607,0.0,0.8450771604938274,0.0,0.8884722222222221,2.306354245401865,-2.842183641975309,1.0,14,1,4,0,1,1,0,0,0,2,1,7,5,0,1,1,1,1.884,59.19120000000003,0,0,0,0,0,0,0,0,0,0,0,0,0,0,0,1,1,0,0,0,0,0,0,0,0,2,0,0,0,0,0,0,0,0,0,0,0,0,0,0,0,0,0,0,2,0,0,0,0,0,0,0,0,0,0,0,0,0,0,0,0,0,0,0,0,0,0,0,0,0,0,0,0,0,0,0,0,0,0,0,0,0,0,0,0
ETOPOSIDE,13.385114087700737,13.385114087700737,0.030064203260243394,-1.4362704986978978,0.4298292584463983,588.5620000000005,556.3060000000004,588.1842910839999,226,0,0.3099403857906003,-0.5016994790132149,0.5016994790132149,0.3099403857906003,0.8809523809523809,1.5714285714285714,2.261904761904762,16.754316205209786,9.657683374194185,2.5567299256749942,-2.473103112860679,2.5662399589461757,-2.62838068816111,5.786321584259338,-0.3641538977356,3.611670585826154,1.3182370054389005,1352.5325604550392,29.28336361358765,23.12834780335291,23.12834780335291,20.282427298526212,13.777144189299923,13.777144189299923,10.988221669433297,10.988221669433297,8.745948150865635,8.745948150865635,6.735400781309629,6.735400781309629,-3.3299999999999996,5287664732.043723,27.500051524777703,10.435801723225586,4.258657173456175,240.229487924851,57.95134876872255,24.41586555099321,35.578100791806044,12.542454139383732,0.0,5.969305287951849,4.794537184071822,0.0,0.0,0.0,0.0,47.87955994862805,11.835812092322787,39.4552314454906,62.745885952794374,5.969305287951849,0.0,0.0,11.835812092322787,55.94152864326394,34.22630131768073,40.95582274893743,0.0,28.747559166419524,18.947451815200196,0.0,28.747559166419524,0.0,92.51110779981833,28.478851953072066,11.835812092322787,35.635964108691304,24.26546827384644,0.0,0.0,0.0,160.83,66.82290882384795,20.11411936859394,0.0,37.255241734977375,28.189378141658796,0.0,14.219595082555067,31.18920547353706,0.0,0.0,42.63176658420044,51.526191497067586,0.0,13.385114087700737,32.515426995072225,2.0136756704618017,-1.024854437279876,6.926914060847731,-6.7972224205894385,1.9286290318451753,2.8594588482073915,0.5517241379310345,42,3,13,1,4,5,2,0,2,13,3,13,5,0,3,3,7,1.3385999999999993,138.3454,0,2,2,0,0,0,0,1,0,0,1,1,0,0,0,0,0,0,0,0,0,0,0,0,0,0,0,0,0,0,0,0,0,0,2,0,4,0,0,0,1,9,0,0,0,0,0,0,0,0,0,0,0,0,1,2,0,0,0,0,0,0,0,0,0,1,1,0,0,0,0,0,0,0,0,0,0,0,0,0,0,0,0,0,0
PD325901,14.168820461061173,14.168820461061173,0.15223417108451365,-1.369451005710926,0.35996032896912883,482.1960000000002,468.08400000000023,481.99503958799994,140,0,0.27656236395763595,-0.3935912352399855,0.3935912352399855,0.27656236395763595,1.1923076923076923,1.9230769230769231,2.576923076923077,126.91270443850301,10.116481654352361,2.2024446678910126,-2.146474630333627,2.2810505365407168,-2.3002702200214102,14.111917822833718,-0.02947121847701697,2.603160897577794,2.268140013120252,807.3045902838311,19.267220234572108,13.101096841475403,15.258595132651724,12.328606258093464,7.242493082004401,8.321242227592561,5.111684701808341,6.35731692099515,3.1816013543081474,3.8525924576342376,1.898677783142047,2.3518745161271553,-1.8900000000000001,477877.86493374105,20.422254118517316,9.164647634269185,5.063969644015104,159.6240078136065,15.529843393687743,18.528069193307118,11.63444168209179,0.0,5.907179729351506,0.0,9.632125767808455,18.65134174114566,0.0,0.0,0.0,52.92270596937611,3.5701822710653963,23.54510600557704,33.016425700514326,39.872822905786684,0.0,5.480096598121202,0.0,6.103966387748303,18.530552533032168,56.917131628208125,0.0,0.0,10.796885202127534,24.546017692391587,0.0,22.590870627068057,35.43796483580706,4.8375885837366335,21.021844794203083,10.357988675768818,30.33183534230805,0.0,0.0,0.0,90.82000000000001,48.36395884394688,17.96578232709628,0.0,11.250837766380558,3.5701822710653963,12.13273413692322,12.13273413692322,6.06636706846161,28.070967225189257,10.154377187742964,10.213054789681411,42.29665510134873,1.8851901147041397,16.812506677204603,20.160683488320167,0.8524361677917776,-4.269184273852383,5.771409171981535,-1.2233919182563946,-0.9996378625755149,0.0,0.1875,26,4,6,0,0,0,2,0,2,5,4,10,7,0,0,0,2,2.4667000000000012,95.2685,0,2,2,0,0,0,0,0,0,0,1,1,0,0,0,0,2,0,1,0,0,0,0,0,0,0,0,1,0,2,0,0,0,0,2,0,0,0,0,0,0,0,0,0,4,0,0,0,0,0,0,0,0,0,0,0,0,0,0,0,0,0,0,0,0,0,0,0,0,0,0,0,0,0,0,0,0,0,0,0,0,0,0,0,0
